orientsex,idgen,raca,cartass,empatual,profs,profsex,renda,nomesoctrb,pqnaousanm,assdtrb,assédio moral,assédio sexual,assédio psicológico,"Não, nunca sofri",discrsectrb,discractrb,bolsafam,demisidgen,dempand,auxemerg
Gay/ Bicha,Travesti,Negra,Sim,"Sou trabalhador informal (MEI, bico, freelancer)",cozinheira,Sim,De 100 a 499 reais,Sim,Sem informação,"Não, nunca sofri nenhum tipo de assédio no trabalho",FALSE,FALSE,FALSE,TRUE,"não, nunca sofri","sim, uma vez",Sim,sim,Sim,Sim
Lésbica/ Sapatão,Mulher Cisgênera,Negra,Sim,Estou empregado,assistente social,Não,De 1.100 a 2.119 reais,Não,Isso não é uma questão para mim,"Sim, assédio moral",TRUE,FALSE,FALSE,FALSE,"não, nunca sofri","sim, uma vez",Não solicitei,não,Não,Sim
Heterossexual,Mulher trans,Negra,Sim,Estou empregado,profissional do sexo,Sim,De 100 a 499 reais,Sim,Sem informação,"Sim, assédio moral Sim, assédio sexual Sim, assédio psicológico",TRUE,TRUE,TRUE,FALSE,"sim, mais de uma vez/ regularmente","sim, mais de uma vez/ regularmente",Não sei como devo fazer para acessar,sim,Não,Sim
Bissexual,Travesti,Negra,Sim,"Sou trabalhador informal (MEI, bico, freelancer)",artista/atendente,Não,De 100 a 499 reais,Sim,Sem informação,"Sim, assédio psicológico",FALSE,FALSE,TRUE,FALSE,"sim, mais de uma vez/ regularmente",prefiro não responder,Sim,não sei,Não,Sim
Heterossexual,Homem trans,Branca,Sou jovem aprendiz,Estou desempregado,desempregado,Não,De 100 a 499 reais,Não,Isso não é uma questão para mim,"Não, nunca sofri nenhum tipo de assédio no trabalho",FALSE,FALSE,FALSE,TRUE,"não, nunca sofri","não, nunca sofri",Não sei como devo fazer para acessar,não,Não,Sim
Heterossexual,Mulher trans,Negra,Sem informação,Sem informação,sem informação,Sem informação,Sem informação,Sem informação,Sem informação,Sem informação,FALSE,FALSE,FALSE,FALSE,Sem informação,Sem informação,Sem informação,Sem informação,Sem informação,Sem informação
Homossexual,Mulher trans,Branca,Sim,Estou desempregado,sem informação,Sim,De 100 a 499 reais,Sim,Sem informação,"Não, nunca sofri nenhum tipo de assédio no trabalho",FALSE,FALSE,FALSE,TRUE,prefiro não responder,"não, nunca sofri",Sim,não,Não,Sim
Heterossexual,Mulher trans,Negra,Sim,Estou desempregado,diarista,Sim,De 100 a 499 reais,Não,Não fui autorizada a usar o nome social,"Sim, assédio moral Sim, assédio sexual Sim, assédio psicológico",TRUE,TRUE,TRUE,FALSE,"sim, uma vez","sim, uma vez",Sim,não,Sim,Sim
Heterossexual,Mulher trans,Negra,Sim,Estou desempregado,atendente/caixa/vendedor de loja/fastfood,Sim,De 100 a 499 reais,Sim,Sem informação,"Sim, assédio moral Sim, assédio psicológico",TRUE,FALSE,TRUE,FALSE,"não, nunca sofri","não, nunca sofri","Não, porque não me enquadrei nos requisitos",não,Não,Sim
Gay/ Bicha,Homem Cisgênero,Negra,Sim,Estou empregado,área da educação,Não,De 500 a 1.099 reais,Sim,Sem informação,"Sim, assédio psicológico",FALSE,FALSE,TRUE,FALSE,"sim, mais de uma vez/ regularmente","sim, mais de uma vez/ regularmente","Não, porque não me enquadrei nos requisitos",não sei,Sim,Sim
Gay/ Bicha,Homem Cisgênero,Branca,Sim,Estou empregado,produtor cultural,Não,De 1.100 a 2.119 reais,Sim,Sem informação,"Não, nunca sofri nenhum tipo de assédio no trabalho",FALSE,FALSE,FALSE,TRUE,"não, nunca sofri","não, nunca sofri","Não, porque não me enquadrei nos requisitos",não,Não,Sim
Bissexual,Homem Cisgênero,Branca,Sim,"Sou trabalhador informal (MEI, bico, freelancer)",designer gráfico e fotografo,Não,Mais de 2.200 reais (mais de dois salários mínimos),Sim,Sem informação,"Sim, assédio moral",TRUE,FALSE,FALSE,FALSE,"não, nunca sofri","não, nunca sofri",Não solicitei,não,Não,Não solicitei
Gay/ Bicha,Homem Cisgênero,Negra,Sim,"Sou trabalhador informal (MEI, bico, freelancer)",autônomo,Não,Mais de 2.200 reais (mais de dois salários mínimos),Não,Isso não é uma questão para mim,"Não, nunca sofri nenhum tipo de assédio no trabalho",FALSE,FALSE,FALSE,TRUE,"não, nunca sofri","não, nunca sofri","Não, porque não me enquadrei nos requisitos",não,Não,Sim
Assexual,Não binária,Sem informação,Sim,"Sou trabalhador informal (MEI, bico, freelancer)",produtora cultural,Não,De 1.100 a 2.119 reais,Não,Isso não é uma questão para mim,"Sim, assédio psicológico",FALSE,FALSE,TRUE,FALSE,"não, nunca sofri","sim, mais de uma vez/ regularmente",Não solicitei,não,Não,Sim
Gay/ Bicha,Mulher trans,Negra,Não,Estou empregado,atendente/caixa/vendedor de loja/fastfood,Não,De 1.100 a 2.119 reais,Não,Sem informação,"Sim, assédio moral",TRUE,FALSE,FALSE,FALSE,"sim, mais de uma vez/ regularmente","sim, uma vez",Sim,não,Sim,Não solicitei
Lésbica/ Sapatão,Mulher Cisgênera,Negra,Sim,Estou empregado,assitente de produção,Não,De 1.100 a 2.119 reais,Não,Não fui autorizada a usar o nome social,"Não, nunca sofri nenhum tipo de assédio no trabalho",FALSE,FALSE,FALSE,TRUE,"não, nunca sofri","não, nunca sofri",Não solicitei,não,Não,Não solicitei
Lésbica/ Sapatão,Mulher Cisgênera,Branca,Sim,Estou desempregado,atendente/caixa/vendedor de loja/fastfood,Não,De 100 a 499 reais,Não,Isso não é uma questão para mim,"Não, nunca sofri nenhum tipo de assédio no trabalho",FALSE,FALSE,FALSE,TRUE,"não, nunca sofri","não, nunca sofri",Não solicitei,não,Não,Sim
Lésbica/ Sapatão,Mulher Cisgênera,Branca,Sim,Estou desempregado,atendente/caixa/vendedor de loja/fastfood,Não,De 100 a 499 reais,Não,Isso não é uma questão para mim,"Não, nunca sofri nenhum tipo de assédio no trabalho",FALSE,FALSE,FALSE,TRUE,"não, nunca sofri","não, nunca sofri",Não solicitei,não,Não,Sim
Lésbica/ Sapatão,Mulher trans,Negra,Não,"Sou trabalhador informal (MEI, bico, freelancer)",atendente/caixa/vendedor de loja/fastfood,Sim,De 100 a 499 reais,Sim,Sem informação,"Não, nunca sofri nenhum tipo de assédio no trabalho Sim, assédio sexual",FALSE,TRUE,FALSE,TRUE,"não, nunca sofri",Sem informação,Sim,sim,Sim,Não solicitei
Gay/ Bicha,Homem Cisgênero,Negra,Sim,Estou desempregado,cozinheira,Não,De 500 a 1.099 reais,Sim,Sem informação,"Não, nunca sofri nenhum tipo de assédio no trabalho",FALSE,FALSE,FALSE,TRUE,"não, nunca sofri","não, nunca sofri",Sim,não,Sim,Não solicitei
Bissexual,Mulher Cisgênera,Branca,Sim,Estou desempregado,cuidadora,Sim,De 100 a 499 reais,Sim,Sem informação,"Não, nunca sofri nenhum tipo de assédio no trabalho",FALSE,FALSE,FALSE,TRUE,"não, nunca sofri","não, nunca sofri",Sim,não,Não,Sim
Gay/ Bicha,Homem trans,Negra,Não,Nunca trabalhei,sem informação,Sem informação,Sem informação,Sem informação,Sem informação,Sem informação,FALSE,FALSE,FALSE,FALSE,Sem informação,Sem informação,Sem informação,Sem informação,Sem informação,Sem informação
Bissexual,Mulher Cisgênera,Negra,Sim,Estou desempregado,serviços gerais,Não,De 100 a 499 reais,Não,Isso não é uma questão para mim,"Não, nunca sofri nenhum tipo de assédio no trabalho",FALSE,FALSE,FALSE,TRUE,"não, nunca sofri","sim, uma vez",Sim,não,Não,Sim
Gay/ Bicha,Homem Cisgênero,Negra,Sim,Estou empregado,estagiario,Não,De 500 a 1.099 reais,Não,Não existe uma política para uso do nome social,"Sim, assédio moral Sim, assédio sexual Sim, assédio psicológico",TRUE,TRUE,TRUE,FALSE,"sim, mais de uma vez/ regularmente","sim, uma vez","Não, porque não me enquadrei nos requisitos",sim,Sim,"Não, porque não me enquadrei nos requisitos"
Homossexual,Homem Cisgênero,Branca,Sim,Estou empregado,funcionário público,Não,Mais de 2.200 reais (mais de dois salários mínimos),Sim,Sem informação,"Sim, assédio moral",TRUE,FALSE,FALSE,FALSE,"sim, mais de uma vez/ regularmente","não, nunca sofri","Não, porque não me enquadrei nos requisitos",não,Não,"Não, porque não me enquadrei nos requisitos"
Bissexual,Mulher Cisgênera,Negra,Não,Nunca trabalhei,sem informação,Sem informação,Sem informação,Sem informação,Sem informação,Sem informação,FALSE,FALSE,FALSE,FALSE,Sem informação,Sem informação,Sem informação,Sem informação,Sem informação,Sem informação
Heterossexual,Mulher trans,Negra,Não,Nunca trabalhei,sem informação,Sem informação,Sem informação,Sem informação,Sem informação,Sem informação,FALSE,FALSE,FALSE,FALSE,Sem informação,Sem informação,Sem informação,Sem informação,Sem informação,Sem informação
Lésbica/ Sapatão,Mulher Cisgênera,Negra,Não,Estou desempregado,diarista,Não,De 100 a 499 reais,Não,Isso não é uma questão para mim,"Não, nunca sofri nenhum tipo de assédio no trabalho",FALSE,FALSE,FALSE,TRUE,"não, nunca sofri","sim, mais de uma vez/ regularmente",Sim,não,Não,Sim
Bissexual,Mulher Cisgênera,Negra,Sem informação,Sem informação,sem informação,Sem informação,Sem informação,Sem informação,Sem informação,Sem informação,FALSE,FALSE,FALSE,FALSE,Sem informação,Sem informação,Sem informação,Sem informação,Sem informação,Sem informação
Bissexual,Mulher Cisgênera,Negra,Sem informação,Sem informação,sem informação,Sem informação,Sem informação,Sem informação,Sem informação,Sem informação,FALSE,FALSE,FALSE,FALSE,Sem informação,Sem informação,Sem informação,Sem informação,Sem informação,Sem informação
Gay/ Bicha,Homem trans,Negra,Não,Estou desempregado,sem informação,Sim,De 100 a 499 reais,Sem informação,Sem informação,"Sim, assédio sexual",FALSE,TRUE,FALSE,FALSE,"sim, mais de uma vez/ regularmente","não, nunca sofri",Não sei como devo fazer para acessar,sim,Não,Não solicitei
Gay/ Bicha,Homem Cisgênero,Negra,Não,Estou desempregado,sem informação,Sim,De 100 a 499 reais,Sem informação,Sem informação,Sem informação,FALSE,FALSE,FALSE,FALSE,Sem informação,Sem informação,Não solicitei,Sem informação,Sem informação,Sim
Gay/ Bicha,Não binária,Negra,Não,Nunca trabalhei,sem informação,Sem informação,Sem informação,Sem informação,Sem informação,Sem informação,FALSE,FALSE,FALSE,FALSE,Sem informação,Sem informação,Sem informação,Sem informação,Sem informação,Sem informação
Gay/ Bicha,Homem Cisgênero,Negra,Não,Estou desempregado,sem informação,Sim,De 100 a 499 reais,Sem informação,Sem informação,Sem informação,FALSE,FALSE,FALSE,FALSE,Sem informação,Sem informação,Não solicitei,Sem informação,Sem informação,Sim
Heterossexual,Mulher trans,Branca,Não,Estou desempregado,profissional da beleza,Sim,De 100 a 499 reais,Não,Isso não é uma questão para mim,"Não, nunca sofri nenhum tipo de assédio no trabalho",FALSE,FALSE,FALSE,TRUE,prefiro não responder,prefiro não responder,Sim,não,Não,Sim
Heterossexual,Travesti,Branca,Não,Estou desempregado,profissional da beleza e design gráfico,Não,Sem informação,Sim,Sem informação,"Não, nunca sofri nenhum tipo de assédio no trabalho",FALSE,FALSE,FALSE,TRUE,"sim, mais de uma vez/ regularmente","não, nunca sofri","Não, porque não me enquadrei nos requisitos",Sem informação,Sim,"Não, porque fui recusada"
Heterossexual,Mulher trans,Negra,Não,Estou desempregado,área da saúde,Não,Até 99 reais,Sim,Sem informação,"Sim, assédio moral",TRUE,FALSE,FALSE,FALSE,"não, nunca sofri","não, nunca sofri",Não solicitei,não,Não,Sim
Heterossexual,Mulher trans,Negra,Sim,"Sou trabalhador informal (MEI, bico, freelancer)",design de sobrancelhas,Sim,De 100 a 499 reais,Sim,Sem informação,"Sim, assédio sexual",FALSE,TRUE,FALSE,FALSE,"sim, uma vez","sim, uma vez",Não sei como devo fazer para acessar,sim,Sim,"Não, porque fui recusada"
Lésbica/ Sapatão,Mulher Cisgênera,Negra,Sim,"Sou trabalhador informal (MEI, bico, freelancer)","educadora social, massoterapeuta, percussionista",Sim,De 500 a 1.099 reais,Sim,Sem informação,"Sim, assédio moral Sim, assédio sexual Sim, assédio psicológico",TRUE,TRUE,TRUE,FALSE,"sim, mais de uma vez/ regularmente","sim, mais de uma vez/ regularmente",Sim,não sei,Não,Sim
Bissexual,Mulher Cisgênera,Negra,Sim,"Sou trabalhador informal (MEI, bico, freelancer)",profissional da beleza/ grafiteira,Não,De 100 a 499 reais,Não,Isso não é uma questão para mim,"Não, nunca sofri nenhum tipo de assédio no trabalho",FALSE,FALSE,FALSE,TRUE,"sim, mais de uma vez/ regularmente","não, nunca sofri","Não, porque não me enquadrei nos requisitos",não,Não,Sim
Lésbica/ Sapatão,Mulher Cisgênera,Branca,Sim,"Sou trabalhador informal (MEI, bico, freelancer)",artesã,Não,De 500 a 1.099 reais,Sem informação,Sem informação,"Sim, assédio moral Sim, assédio sexual Sim, assédio psicológico",TRUE,TRUE,TRUE,FALSE,Sem informação,"não, nunca sofri",Não solicitei,não,Não,Sim
Lésbica/ Sapatão,Mulher Cisgênera,Branca,Sim,Estou empregado,serviços gerais,Não,Mais de 2.200 reais (mais de dois salários mínimos),Sim,Sem informação,"Sim, assédio sexual",FALSE,TRUE,FALSE,FALSE,"sim, mais de uma vez/ regularmente","não, nunca sofri",Não solicitei,não,Sim,Sim
Gay/ Bicha,Travesti,Negra,Não,Estou desempregado,cabelereira,Sim,De 500 a 1.099 reais,Sim,Sem informação,"Não, nunca sofri nenhum tipo de assédio no trabalho",FALSE,FALSE,FALSE,TRUE,"não, nunca sofri","não, nunca sofri",Sim,sim,Não,Não solicitei
Heterossexual,Mulher trans,Negra,Não,Estou desempregado,desingner de sombrancelhas,Sim,Até 99 reais,Sim,Sem informação,"Não, nunca sofri nenhum tipo de assédio no trabalho",FALSE,FALSE,FALSE,TRUE,"não, nunca sofri","não, nunca sofri","Não, porque não me enquadrei nos requisitos",não,Sim,Sim
Gay/ Bicha,Homem Cisgênero,Branca,Não,Estou desempregado,desempregado,Não,Até 99 reais,Não,Isso não é uma questão para mim,"Sim, assédio moral Sim, assédio psicológico",TRUE,FALSE,TRUE,FALSE,"sim, uma vez","não, nunca sofri","Não, porque não me enquadrei nos requisitos",não,Não,Sim
Gay/ Bicha,Homem Cisgênero,Negra,Não,Estou desempregado,profissional do sexo,Prefiro não responder,De 500 a 1.099 reais,Não,"Alguns colegas respeitam, outros não","Não, nunca sofri nenhum tipo de assédio no trabalho",FALSE,FALSE,FALSE,TRUE,"não, nunca sofri","não, nunca sofri",Sim,não,Não,"Não, porque não me enquadrei nos requisitos"
Bissexual,Homem Cisgênero,Negra,Sim,Estou empregado,área jurídica,Não,De 1.100 a 2.119 reais,Sem informação,Sem informação,"Não, nunca sofri nenhum tipo de assédio no trabalho",FALSE,FALSE,FALSE,TRUE,"não, nunca sofri","não, nunca sofri",Não solicitei,não,Não,Não solicitei
Pansexual,Não binária,Branca,Sem informação,Sem informação,sem informação,Sem informação,Sem informação,Sem informação,Sem informação,Sem informação,FALSE,FALSE,FALSE,FALSE,Sem informação,Sem informação,Sem informação,Sem informação,Sem informação,Sem informação
Gay/ Bicha,Homem Cisgênero,Negra,Sim,Estou desempregado,estou desempregado,Não,De 500 a 1.099 reais,Não,Isso não é uma questão para mim,"Não, nunca sofri nenhum tipo de assédio no trabalho",FALSE,FALSE,FALSE,TRUE,"não, nunca sofri","não, nunca sofri","Não, porque não me enquadrei nos requisitos",não,Sim,Sim
Bissexual,Mulher Cisgênera,Branca,Sim,Estou desempregado,estou sem trabalhar,Sim,De 500 a 1.099 reais,Sim,Sem informação,"Sim, assédio moral Sim, assédio sexual Sim, assédio psicológico",TRUE,TRUE,TRUE,FALSE,"sim, mais de uma vez/ regularmente",prefiro não responder,"Não, porque não me enquadrei nos requisitos",sim,Não,Sim
Heterossexual,Mulher trans,Branca,Não,Nunca trabalhei,sem informação,Sem informação,Sem informação,Sem informação,Sem informação,Sem informação,FALSE,FALSE,FALSE,FALSE,Sem informação,Sem informação,Sem informação,Sem informação,Sem informação,Sem informação
Heterossexual,Mulher trans,Negra,Sim,Estou desempregado,profissional do sexo,Sim,De 500 a 1.099 reais,Sim,Sem informação,"Sim, assédio moral Sim, assédio sexual Sim, assédio psicológico",TRUE,TRUE,TRUE,FALSE,"sim, mais de uma vez/ regularmente","sim, mais de uma vez/ regularmente",Sim,sim,Não,Sim
Pansexual,Mulher trans,Negra,Não,Estou desempregado,profissional do sexo,Sim,De 500 a 1.099 reais,Sim,Sem informação,"Sim, assédio psicológico",FALSE,FALSE,TRUE,FALSE,prefiro não responder,"sim, mais de uma vez/ regularmente",Sim,não sei,Não,Sim
Bissexual,Mulher trans,Negra,Não,Estou desempregado,atendente/caixa/vendedor de loja/fastfood,Sim,De 1.100 a 2.119 reais,Não,Não existe uma política para uso do nome social,"Não, nunca sofri nenhum tipo de assédio no trabalho",FALSE,FALSE,FALSE,TRUE,"não, nunca sofri","não, nunca sofri",Sim,não,Não,"Não, porque fui recusada"
Heterossexual,Travesti,Negra,Sim,"Sou trabalhador informal (MEI, bico, freelancer)",profissional da beleza,Sim,De 1.100 a 2.119 reais,Sim,Sem informação,"Sim, assédio moral Sim, assédio sexual Sim, assédio psicológico",TRUE,TRUE,TRUE,FALSE,"sim, mais de uma vez/ regularmente","não, nunca sofri",Não solicitei,não,Não,Sim
Heterossexual,Não binária,Branca,Sem informação,Sem informação,sem informação,Sem informação,Sem informação,Sem informação,Sem informação,Sem informação,FALSE,FALSE,FALSE,FALSE,Sem informação,Sem informação,Sem informação,Sem informação,Sem informação,Sem informação
Nenhuma dessas opções,Mulher trans,Negra,Sim,Estou desempregado,diarista,Sim,De 100 a 499 reais,Sim,Sem informação,"Sim, assédio moral Sim, assédio sexual",TRUE,TRUE,FALSE,FALSE,"sim, uma vez","não, nunca sofri",Sim,não,Sim,Sim
Gay/ Bicha,Homem Cisgênero,Negra,Sim,Estou empregado,atendente/caixa/vendedor de loja/fastfood,Não,De 1.100 a 2.119 reais,Sim,Sem informação,"Sim, assédio psicológico",FALSE,FALSE,TRUE,FALSE,"não, nunca sofri","sim, uma vez",Sim,não,Sim,Não solicitei
Heterossexual,Travesti,Negra,Sem informação,Sem informação,sem informação,Sem informação,Sem informação,Sem informação,Sem informação,Sem informação,FALSE,FALSE,FALSE,FALSE,Sem informação,Sem informação,Sem informação,Sem informação,Sem informação,Sem informação
Bissexual,Travesti,Negra,Não,Nunca trabalhei,sem informação,Sem informação,Sem informação,Sem informação,Sem informação,Sem informação,FALSE,FALSE,FALSE,FALSE,Sem informação,Sem informação,Sem informação,Sem informação,Sem informação,Sem informação
Heterossexual,Mulher trans,Negra,Não,Estou desempregado,profissional do sexo,Sim,Até 99 reais,Sim,Sem informação,"Não, nunca sofri nenhum tipo de assédio no trabalho",FALSE,FALSE,FALSE,TRUE,"não, nunca sofri","não, nunca sofri",Sim,não sei,Não,"Não, porque fui recusada"
Heterossexual,Mulher trans,Negra,Não,Nunca trabalhei,sem informação,Sem informação,Sem informação,Sem informação,Sem informação,Sem informação,FALSE,FALSE,FALSE,FALSE,Sem informação,Sem informação,Sem informação,Sem informação,Sem informação,Sem informação
Heterossexual,Mulher trans,Negra,Não,Estou empregado,profissional da beleza,Sim,Até 99 reais,Sim,Sem informação,"Não, nunca sofri nenhum tipo de assédio no trabalho",FALSE,FALSE,FALSE,TRUE,"não, nunca sofri","não, nunca sofri","Não, porque não me enquadrei nos requisitos",não,Não,Sim
Heterossexual,Mulher trans,Negra,Não,Estou desempregado,profissional da beleza,Não,De 500 a 1.099 reais,Sim,Sem informação,"Não, nunca sofri nenhum tipo de assédio no trabalho",FALSE,FALSE,FALSE,TRUE,"não, nunca sofri","não, nunca sofri",Não solicitei,não,Não,"Não, porque fui recusada"
Heterossexual,Mulher trans,Negra,Sim,Estou desempregado,serviços gerais,Sim,Até 99 reais,Sim,Sem informação,"Sim, assédio moral Sim, assédio sexual Sim, assédio psicológico",TRUE,TRUE,TRUE,FALSE,"sim, mais de uma vez/ regularmente","sim, mais de uma vez/ regularmente",Não sei como devo fazer para acessar,sim,Sem informação,Sim
Heterossexual,Travesti,Negra,Não,Estou desempregado,barreira e implantista,Sim,De 100 a 499 reais,Sim,Sem informação,"Não, nunca sofri nenhum tipo de assédio no trabalho",FALSE,FALSE,FALSE,TRUE,"não, nunca sofri","não, nunca sofri",Sim,não,Não,Sim
Heterossexual,Mulher trans,Negra,Sim,Estou desempregado,serviços gerais,Sim,Até 99 reais,Sim,Sem informação,"Sim, assédio moral Sim, assédio sexual Sim, assédio psicológico",TRUE,TRUE,TRUE,FALSE,"sim, mais de uma vez/ regularmente","sim, mais de uma vez/ regularmente",Não sei como devo fazer para acessar,sim,Sem informação,Sim
Gay/ Bicha,Homem Cisgênero,Negra,Sim,"Sou trabalhador informal (MEI, bico, freelancer)",autônomo,Não,De 1.100 a 2.119 reais,Não,Isso não é uma questão para mim,"Não, nunca sofri nenhum tipo de assédio no trabalho",FALSE,FALSE,FALSE,TRUE,"não, nunca sofri","não, nunca sofri","Não, porque não me enquadrei nos requisitos",não,Não,Sim
Lésbica/ Sapatão,Mulher Cisgênera,Negra,Sim,Estou empregado,analista de negócios,Não,De 1.100 a 2.119 reais,Não,Isso não é uma questão para mim,"Sim, assédio sexual Sim, assédio psicológico",FALSE,TRUE,TRUE,FALSE,"sim, mais de uma vez/ regularmente","sim, uma vez",Sim,não,Não,"Não, porque não me enquadrei nos requisitos"
Gay/ Bicha,Homem Cisgênero,Negra,Sim,Estou empregado,atendente/caixa/vendedor de loja/fastfood,Não,De 1.100 a 2.119 reais,Sim,Sem informação,"Sim, assédio moral Sim, assédio psicológico",TRUE,FALSE,TRUE,FALSE,"sim, uma vez","não, nunca sofri","Não, porque não me enquadrei nos requisitos",não,Não,Sim
Lésbica/ Sapatão,Mulher Cisgênera,Negra,Sim,Estou empregado,serviços gerais,Não,De 500 a 1.099 reais,Sim,Sem informação,"Sim, assédio psicológico",FALSE,FALSE,TRUE,FALSE,"não, nunca sofri","sim, uma vez","Não, porque não me enquadrei nos requisitos",não,Não,Sim
Gay/ Bicha,Mulher trans,Negra,Não,Estou desempregado,profissional da beleza,Não,Até 99 reais,Não,"Alguns colegas respeitam, outros não","Sim, assédio sexual Sim, assédio psicológico",FALSE,TRUE,TRUE,FALSE,"não, nunca sofri","não, nunca sofri",Sim,não,Sim,Não solicitei
Gay/ Bicha,Homem Cisgênero,Negra,Sim,Estou desempregado,produtor,Não,De 100 a 499 reais,Sim,Sem informação,"Não, nunca sofri nenhum tipo de assédio no trabalho",FALSE,FALSE,FALSE,TRUE,"sim, mais de uma vez/ regularmente","não, nunca sofri",Sim,não,Não,Sim
Homossexual,Travesti,Negra,Não,Nunca trabalhei,sem informação,Sem informação,Sem informação,Sem informação,Sem informação,Sem informação,FALSE,FALSE,FALSE,FALSE,Sem informação,Sem informação,Sem informação,Sem informação,Sem informação,Sem informação
Sem informação,Mulher trans,Negra,Sim,Estou desempregado,atendente/caixa/vendedor de loja/fastfood,Sim,Sem informação,Sim,Sem informação,"Não, nunca sofri nenhum tipo de assédio no trabalho",FALSE,FALSE,FALSE,TRUE,"sim, uma vez","não, nunca sofri",Não sei como devo fazer para acessar,não,Não,Sim
Heterossexual,Travesti,Negra,Não,Nunca trabalhei,sem informação,Sem informação,Sem informação,Sem informação,Sem informação,Sem informação,FALSE,FALSE,FALSE,FALSE,Sem informação,Sem informação,Sem informação,Sem informação,Sem informação,Sem informação
Heterossexual,Travesti,Negra,Sim,Estou desempregado,atendente/caixa/vendedor de loja/fastfood,Sim,Até 99 reais,Sim,Sem informação,"Sim, assédio moral",TRUE,FALSE,FALSE,FALSE,"sim, uma vez","não, nunca sofri",Não solicitei,não,Não,Não solicitei
Heterossexual,Homem trans,Negra,Sim,Estou empregado,farmácia estadual do rio de janeiro,Não,De 1.100 a 2.119 reais,Sim,Sem informação,"Sim, assédio psicológico",FALSE,FALSE,TRUE,FALSE,"sim, mais de uma vez/ regularmente","não, nunca sofri",Não solicitei,não,Não,"Não, porque não me enquadrei nos requisitos"
Heterossexual,Mulher trans,Negra,Sim,"Sou trabalhador informal (MEI, bico, freelancer)",cozinheira,Não,Mais de 2.200 reais (mais de dois salários mínimos),Sim,Sem informação,"Não, nunca sofri nenhum tipo de assédio no trabalho",FALSE,FALSE,FALSE,TRUE,"não, nunca sofri","não, nunca sofri","Não, porque não me enquadrei nos requisitos",sim,Não,"Não, porque não me enquadrei nos requisitos"
Heterossexual,Mulher trans,Negra,Não,"Sou trabalhador informal (MEI, bico, freelancer)",profissional da beleza,Não,De 500 a 1.099 reais,Sim,Sem informação,"Não, nunca sofri nenhum tipo de assédio no trabalho",FALSE,FALSE,FALSE,TRUE,"não, nunca sofri","não, nunca sofri",Sim,não,Não,"Não, porque não me enquadrei nos requisitos"
Pansexual,Não binária,Negra,Sim,"Sou trabalhador informal (MEI, bico, freelancer)",artista,Sim,De 500 a 1.099 reais,Sim,Sem informação,"Sim, assédio moral Sim, assédio psicológico",TRUE,FALSE,TRUE,FALSE,"sim, mais de uma vez/ regularmente","sim, mais de uma vez/ regularmente",Sim,não,Sim,"Não, porque fui recusada"
Bissexual,Mulher Cisgênera,Indígena,Sim,"Sou trabalhador informal (MEI, bico, freelancer)",comunicação,Não,De 1.100 a 2.119 reais,Sim,Sem informação,"Sim, assédio moral Sim, assédio sexual Sim, assédio psicológico",TRUE,TRUE,TRUE,FALSE,"não, nunca sofri","sim, uma vez",Não sei como devo fazer para acessar,não,Não,"Não, porque fui recusada"
Nenhuma dessas opções,Mulher trans,Negra,Sim,Estou desempregado,sem informação,Sim,De 500 a 1.099 reais,Sim,Sem informação,"Sim, assédio sexual",FALSE,TRUE,FALSE,FALSE,prefiro não responder,"não, nunca sofri",Sim,sim,Não,Sim
Bissexual,Homem Cisgênero,Negra,Sim,Estou desempregado,comunicação,Não,Mais de 2.200 reais (mais de dois salários mínimos),Não,Isso não é uma questão para mim,"Não, nunca sofri nenhum tipo de assédio no trabalho",FALSE,FALSE,FALSE,TRUE,"não, nunca sofri","não, nunca sofri","Não, porque não me enquadrei nos requisitos",não,Não,Sim
Heterossexual,Mulher trans,Negra,Não,"Sou trabalhador informal (MEI, bico, freelancer)",profissional da beleza,Sim,De 100 a 499 reais,Sim,Sem informação,"Sim, assédio moral Sim, assédio sexual Sim, assédio psicológico",TRUE,TRUE,TRUE,FALSE,"sim, mais de uma vez/ regularmente","não, nunca sofri",Não solicitei,não,Não,Sim
Heterossexual,Travesti,Branca,Sim,Estou desempregado,profissional do sexo,Sim,De 500 a 1.099 reais,Sim,Sem informação,"Não, nunca sofri nenhum tipo de assédio no trabalho",FALSE,FALSE,FALSE,TRUE,"não, nunca sofri","não, nunca sofri",Sim,não,Não,Sim
Bissexual,Mulher trans,Indígena,Não,Estou desempregado,profissional do sexo,Sim,De 500 a 1.099 reais,Sim,Sem informação,"Sim, assédio moral Sim, assédio sexual Sim, assédio psicológico",TRUE,TRUE,TRUE,FALSE,"não, nunca sofri","sim, mais de uma vez/ regularmente",Não solicitei,não,Não,Sim
Gay/ Bicha,Homem Cisgênero,Negra,Sim,"Sou trabalhador informal (MEI, bico, freelancer)",atendente/caixa/vendedor de loja/fastfood,Não,De 500 a 1.099 reais,Não,Sem informação,"Sim, assédio moral Sim, assédio sexual Sim, assédio psicológico",TRUE,TRUE,TRUE,FALSE,"sim, mais de uma vez/ regularmente","não, nunca sofri",Sim,sim,Não,Sim
Heterossexual,Mulher trans,Negra,Sim,Estou desempregado,atendente/caixa/vendedor de loja/fastfood,Sim,De 1.100 a 2.119 reais,Sim,Sem informação,"Sim, assédio moral Sim, assédio psicológico",TRUE,FALSE,TRUE,FALSE,"sim, mais de uma vez/ regularmente","não, nunca sofri",Não solicitei,não,Sim,Sim
Bissexual,Mulher trans,Negra,Não,Estou desempregado,atendente/caixa/vendedor de loja/fastfood,Sim,De 100 a 499 reais,Não,Não existe uma política para uso do nome social,"Sim, assédio moral Sim, assédio sexual Sim, assédio psicológico",TRUE,TRUE,TRUE,FALSE,"sim, mais de uma vez/ regularmente","não, nunca sofri","Não, porque não me enquadrei nos requisitos",não,Não,"Não, porque fui recusada"
Homossexual,Homem trans,Negra,Sim,Estou desempregado,cozinheira,Não,Até 99 reais,Não,Isso não é uma questão para mim,"Não, nunca sofri nenhum tipo de assédio no trabalho",FALSE,FALSE,FALSE,TRUE,"sim, mais de uma vez/ regularmente","sim, mais de uma vez/ regularmente",Não sei como devo fazer para acessar,não,Não,Sim
Heterossexual,Mulher trans,Negra,Não,"Sou trabalhador informal (MEI, bico, freelancer)",profissional da beleza,Não,De 100 a 499 reais,Sim,Sem informação,"Não, nunca sofri nenhum tipo de assédio no trabalho Sim, assédio moral Sim, assédio psicológico",TRUE,FALSE,TRUE,TRUE,"sim, mais de uma vez/ regularmente","não, nunca sofri",Sim,não,Não,Sim
Heterossexual,Mulher trans,Negra,Não,Estou desempregado,cozinheira,Sim,De 500 a 1.099 reais,Sim,Sem informação,"Sim, assédio moral Sim, assédio sexual Sim, assédio psicológico",TRUE,TRUE,TRUE,FALSE,"não, nunca sofri","não, nunca sofri","Não, porque não me enquadrei nos requisitos",sim,Não,Sim
Gay/ Bicha,Homem Cisgênero,Negra,Sim,Estou empregado,atendente/caixa/vendedor de loja/fastfood,Não,De 1.100 a 2.119 reais,Não,Isso não é uma questão para mim,"Sim, assédio moral Sim, assédio psicológico",TRUE,FALSE,TRUE,FALSE,"sim, mais de uma vez/ regularmente","não, nunca sofri",Sim,não sei,Não,Sim
Gay/ Bicha,Mulher trans,Negra,Sim,"Sou trabalhador informal (MEI, bico, freelancer)",profissional da beleza,Não,De 500 a 1.099 reais,Sim,Sem informação,"Não, nunca sofri nenhum tipo de assédio no trabalho",FALSE,FALSE,FALSE,TRUE,"não, nunca sofri","não, nunca sofri",Não solicitei,sim,Não,Sim
Heterossexual,Mulher trans,Negra,Não,"Sou trabalhador informal (MEI, bico, freelancer)",profissional do sexo,Sim,De 100 a 499 reais,Sim,Sem informação,"Sim, assédio moral",TRUE,FALSE,FALSE,FALSE,"não, nunca sofri","sim, uma vez",Não solicitei,não,Não,Sim
Bissexual,Travesti,Negra,Não,"Sou trabalhador informal (MEI, bico, freelancer)",cozinheira,Sim,De 500 a 1.099 reais,Sim,Sem informação,"Não, nunca sofri nenhum tipo de assédio no trabalho",FALSE,FALSE,FALSE,TRUE,"sim, uma vez","não, nunca sofri",Sim,sim,Sim,Sim
Pansexual,Travesti,Negra,Não,Estou desempregado,profissional da beleza,Não,Até 99 reais,Não,Isso não é uma questão para mim,"Não, nunca sofri nenhum tipo de assédio no trabalho",FALSE,FALSE,FALSE,TRUE,"não, nunca sofri","não, nunca sofri",Sim,não,Não,Sim
Heterossexual,Mulher trans,Negra,Sim,Estou desempregado,diarista,Sim,De 100 a 499 reais,Não,Não existe uma política para uso do nome social,"Sim, assédio moral Sim, assédio sexual Sim, assédio psicológico",TRUE,TRUE,TRUE,FALSE,"sim, mais de uma vez/ regularmente","sim, mais de uma vez/ regularmente",Não sei como devo fazer para acessar,sim,Não,Sim
Lésbica/ Sapatão,Mulher Cisgênera,Negra,Sim,Estou empregado,área da educação,Não,De 1.100 a 2.119 reais,Sim,Sem informação,"Não, nunca sofri nenhum tipo de assédio no trabalho",FALSE,FALSE,FALSE,TRUE,"não, nunca sofri","não, nunca sofri",Não solicitei,não,Sim,Sim
Gay/ Bicha,Homem Cisgênero,Branca,Não,Estou desempregado,não trabalho,Não,Até 99 reais,Sim,Sem informação,"Não, nunca sofri nenhum tipo de assédio no trabalho",FALSE,FALSE,FALSE,TRUE,"não, nunca sofri","não, nunca sofri",Sim,não,Não,Sim
Bissexual,Homem Cisgênero,Branca,Não,"Sou trabalhador informal (MEI, bico, freelancer)",atendente/caixa/vendedor de loja/fastfood,Não,De 500 a 1.099 reais,Não,Isso não é uma questão para mim,"Não, nunca sofri nenhum tipo de assédio no trabalho",FALSE,FALSE,FALSE,TRUE,"não, nunca sofri","não, nunca sofri","Não, porque não me enquadrei nos requisitos",não,Não,"Não, porque não me enquadrei nos requisitos"
Bissexual,Mulher Cisgênera,Negra,Não,Estou desempregado,sem informação,Não,De 500 a 1.099 reais,Sem informação,Sem informação,Sem informação,FALSE,FALSE,FALSE,FALSE,Sem informação,Sem informação,Sim,Sem informação,Sem informação,Sim
Lésbica/ Sapatão,Mulher Cisgênera,Negra,Não,Estou desempregado,"trabalho informal, venda de roupas",Prefiro não responder,Até 99 reais,Não,Isso não é uma questão para mim,"Não, nunca sofri nenhum tipo de assédio no trabalho",FALSE,FALSE,FALSE,TRUE,"não, nunca sofri","não, nunca sofri",Não solicitei,não sei,Não,"Não, porque fui recusada"
Bissexual,Homem Cisgênero,Branca,Sim,Estou empregado,funcionário público,Não,De 1.100 a 2.119 reais,Não,Isso não é uma questão para mim,"Não, nunca sofri nenhum tipo de assédio no trabalho",FALSE,FALSE,FALSE,TRUE,"não, nunca sofri","não, nunca sofri",Sim,não sei,Não,"Não, porque não me enquadrei nos requisitos"
Gay/ Bicha,Homem Cisgênero,Negra,Sim,Estou empregado,funcionário público,Não,De 1.100 a 2.119 reais,Sim,Sem informação,"Sim, assédio moral Sim, assédio sexual",TRUE,TRUE,FALSE,FALSE,"sim, uma vez","não, nunca sofri",Sim,não,Não,"Não, porque não me enquadrei nos requisitos"
Heterossexual,Travesti,Negra,Não,Estou desempregado,profissional do sexo,Sim,De 1.100 a 2.119 reais,Sim,Sem informação,"Sim, assédio moral Sim, assédio sexual Sim, assédio psicológico",TRUE,TRUE,TRUE,FALSE,"sim, mais de uma vez/ regularmente","não, nunca sofri",Sim,não,Não,"Não, porque não me enquadrei nos requisitos"
Heterossexual,Travesti,Negra,Não,"Sou trabalhador informal (MEI, bico, freelancer)",sociedade civil,Sim,De 1.100 a 2.119 reais,Sim,Sem informação,"Sim, assédio sexual Sim, assédio psicológico",FALSE,TRUE,TRUE,FALSE,"sim, mais de uma vez/ regularmente","não, nunca sofri",Sim,não,Não,"Não, porque não me enquadrei nos requisitos"
Bissexual,Mulher Cisgênera,Branca,Não,Estou desempregado,área da educação,Não,Até 99 reais,Não,Isso não é uma questão para mim,"Sim, assédio moral",TRUE,FALSE,FALSE,FALSE,"não, nunca sofri","não, nunca sofri",Não solicitei,não,Sim,Sim
Lésbica/ Sapatão,Mulher Cisgênera,Branca,Sem informação,Sem informação,sem informação,Sem informação,Sem informação,Sem informação,Sem informação,Sem informação,FALSE,FALSE,FALSE,FALSE,Sem informação,Sem informação,Sem informação,Sem informação,Sem informação,Sem informação
Heterossexual,Mulher trans,Negra,Não,"Sou trabalhador informal (MEI, bico, freelancer)",assistente pessoal,Sim,De 1.100 a 2.119 reais,Sim,Sem informação,"Sim, assédio moral Sim, assédio psicológico",TRUE,FALSE,TRUE,FALSE,"sim, mais de uma vez/ regularmente","não, nunca sofri","Não, porque não me enquadrei nos requisitos",sim,Não,"Não, porque não me enquadrei nos requisitos"